Year,Country Name,Country Code,GDP,GDP_per_capita
2020,Afghanistan,AFG,20621957125.2077,510.787063366811
2021,Afghanistan,AFG,16345202562.5485,356.496214115892
2022,Afghanistan,AFG,15325233810.1388,357.261152798144
2023,Afghanistan,AFG,15672648238.1005,413.757894705303
2024,Afghanistan,AFG,15672648238.1005,413.757894705303
2020,Africa Eastern and Southern,AFE,960921818200.308,1344.10320999294
2021,Africa Eastern and Southern,AFE,1004774139530.6,1522.3933455926
2022,Africa Eastern and Southern,AFE,1040501584765.5,1628.31894446307
2023,Africa Eastern and Southern,AFE,1060180668102.31,1568.15989105305
2024,Africa Eastern and Southern,AFE,1089513786376.87,1673.84113878039
2020,Africa Western and Central,AFW,839187420911.066,1680.03933212698
2021,Africa Western and Central,AFW,873006676542.313,1765.9547879785
2022,Africa Western and Central,AFW,907708373678.866,1796.66863273368
2023,Africa Western and Central,AFW,938189102818.499,1599.39298291654
2024,Africa Western and Central,AFW,977368845048.542,1284.15444092323
2020,Albania,ALB,12593390460.142,5370.77749956875
2021,Albania,ALB,13722964212.462,6413.28280828537
2022,Albania,ALB,14385329993.5341,6846.42669381643
2023,Albania,ALB,14951625324.0189,8575.17134637222
2024,Albania,ALB,15543966722.0707,10011.6279856667
2020,Algeria,DZA,192185826737.373,3743.5419522929
2021,Algeria,DZA,199488888151.485,4160.55926736925
2022,Algeria,DZA,206670488126.832,4961.55257664733
2023,Algeria,DZA,215143978140.155,5364.02795022731
2024,Algeria,DZA,222243729417.481,5631.17999109851
2020,Andorra,AND,2672445970.88657,37361.0900666982
2021,Andorra,AND,2893905656.78942,42425.6996756291
2022,Andorra,AND,3170696511.92972,42414.0590092117
2023,Andorra,AND,3252613194.16191,46812.4484486309
2024,Andorra,AND,3362285466.98151,49303.6733899464
2020,Angola,AGO,81399194250.7301,1449.92286669308
2021,Angola,AGO,82375341952.5616,1925.87466082167
2022,Angola,AGO,84883445838.1604,2929.69445467272
2023,Angola,AGO,85798573860.0521,2309.53413042773
2024,Angola,AGO,89594220855.2482,2122.08368991872
2020,Antigua and Barbuda,ATG,1373179832.3414,15369.6082250401
2021,Antigua and Barbuda,ATG,1485407940.31841,17348.6006987182
2022,Antigua and Barbuda,ATG,1620696017.30498,20105.1989085164
2023,Antigua and Barbuda,ATG,1660036192.7894,21494.5474000727
2024,Antigua and Barbuda,ATG,1731874615.11616,23725.7903725506
2020,Arab World,ARB,2687572213332.37,5722.48099531674
2021,Arab World,ARB,2805948372942.77,6681.70895180141
2022,Arab World,ARB,3002236073160.15,7931.61789279006
2023,Arab World,ARB,3047400367624.41,7479.68809103279
2024,Arab World,ARB,3094602134703.2,7521.15330929761
2020,Argentina,ARG,514874343768.066,8535.59938004389
2021,Argentina,ARG,568636554720.066,10738.0179223384
2022,Argentina,ARG,598603016935.287,13935.6811110049
2023,Argentina,ARG,588959512629.692,14187.4827252965
2024,Argentina,ARG,578834679333.011,13858.2039802008
2020,Armenia,ARM,11941035821.9185,4268.68093304583
2021,Armenia,ARM,12633615899.6682,4685.17997128509
2022,Armenia,ARM,14225451502.9981,6571.97445545099
2023,Armenia,ARM,15406163977.6894,8125.27395754003
2024,Armenia,ARM,16315127652.4443,8500.60522486719
2020,Aruba,ABW,2383266968.91162,22855.9323200761
2021,Aruba,ABW,2958411905.44105,27200.0610793969
2022,Aruba,ABW,3210407008.76028,30559.5335346581
2023,Aruba,ABW,3347289755.67821,33984.7906198041
2024,Aruba,ABW,3347289755.67821,33984.7906198041
2020,Australia,AUS,1491062566266.52,51791.540179984
2021,Australia,AUS,1522541404227.63,60607.7788605166
2022,Australia,AUS,1587133480804.53,64997.0136536475
2023,Australia,AUS,1641762491418.85,64835.9199754535
2024,Australia,AUS,1665257959985.0,64407.484256932
2020,Austria,AUT,387247796560.501,48716.4098900349
2021,Austria,AUT,405817601897.046,53648.7190742245
2022,Austria,AUT,427236226728.298,52176.6649141178
2023,Austria,AUT,423156280851.067,56033.573792065
2024,Austria,AUT,418190370366.673,56833.1960472053
2020,Azerbaijan,AZE,51348755377.7597,4229.91064904503
2021,Azerbaijan,AZE,54232727552.2244,5408.04535175023
2022,Azerbaijan,AZE,56789627316.8954,7770.594223351
2023,Azerbaijan,AZE,57558829937.6264,7133.02838048328
2024,Azerbaijan,AZE,59902281351.5774,7283.83562954872
2020,"Bahamas, The",BHS,9814098450.91068,26178.7537607708
2021,"Bahamas, The",BHS,11540093873.1804,30367.8605757708
2022,"Bahamas, The",BHS,12795362392.8778,34957.1613279737
2023,"Bahamas, The",BHS,13185464197.9178,38231.774484278
2024,"Bahamas, The",BHS,13630935977.0689,39455.4466548546
2020,Bahrain,BHR,34724774104.3146,24342.8444554718
2021,Bahrain,BHR,36235315986.0804,27147.8083882286
2022,Bahrain,BHR,38474716945.1891,30470.5219276023
2023,Bahrain,BHR,39966811156.113,29290.1284215098
2024,Bahrain,BHR,41172709122.6258,30048.2177718844
2020,Bangladesh,BGD,266852772253.895,2248.85078828233
2021,Bangladesh,BGD,285368829855.224,2482.84917843357
2022,Bangladesh,BGD,305629528154.311,2716.48592780431
2023,Bangladesh,BGD,323279976841.364,2551.01773827307
2024,Bangladesh,BGD,336932927922.21,2593.41607390407
2020,Barbados,BRB,4554114648.02364,18347.1109131055
2021,Barbados,BRB,4542503209.52524,18696.7858952957
2022,Barbados,BRB,5352561584.79213,22164.0260273876
2023,Barbados,BRB,5571685827.33474,23804.0249914995
2024,Barbados,BRB,5783409906.54532,25365.7949424181
2020,Belarus,BLR,58643356621.6418,6542.85579976768
2021,Belarus,BLR,60073587234.5107,7489.71894713888
2022,Belarus,BLR,57275121700.3422,7994.64806074889
2023,Belarus,BLR,59638602548.3294,7896.75388295584
2024,Belarus,BLR,62030020172.7382,8316.64776291533
2020,Belgium,BEL,470417598101.755,45906.2875805246
2021,Belgium,BEL,499619240040.636,51658.238294958
2022,Belgium,BEL,520899825783.061,50822.2518538518
2023,Belgium,BEL,527159436181.933,54690.0942734964
2024,Belgium,BEL,532530656429.071,55954.6106261018
2020,Belize,BLZ,1955575509.71701,5227.19363786168
2021,Belize,BLZ,2302615266.50756,6122.61158580079
2022,Belize,BLZ,2524886205.2506,7068.45478269722
2023,Belize,BLZ,2553897572.45142,7459.99815132837
2024,Belize,BLZ,2762085934.95625,8429.67959707387
2020,Benin,BEN,14725558723.2985,1200.19426631122
2021,Benin,BEN,15779238957.3117,1318.65158107487
2022,Benin,BEN,16765906414.7949,1266.42710981159
2023,Benin,BEN,17831007125.9788,1394.17784663045
2024,Benin,BEN,19159972710.8241,1485.38018980894
2020,Bermuda,BMU,6373786302.28159,106976.546239632
2021,Bermuda,BMU,6667453991.67615,112765.08167306
2022,Bermuda,BMU,7099253361.41199,121613.939983629
2023,Bermuda,BMU,7448338953.24063,132604.439086216
2024,Bermuda,BMU,7605153959.3341,138934.958846463
2020,Bhutan,BTN,2380954251.4208,3191.66906999331
2021,Bhutan,BTN,2486224986.25084,3570.61257980872
2022,Bhutan,BTN,2615853471.18587,3711.32767981591
2023,Bhutan,BTN,2743574974.83879,3839.4093039286
2024,Bhutan,BTN,2743574974.83879,3839.4093039286
2020,Bolivia,BOL,34855949803.3644,3099.94219053514
2021,Bolivia,BOL,36986126802.9765,3384.84486462654
2022,Bolivia,BOL,38319728337.5714,3643.92826984604
2023,Bolivia,BOL,39500729033.6847,3686.27996442176
2024,Bolivia,BOL,40047688830.4291,4001.21133990795
2020,Bosnia and Herzegovina,BIH,18115912632.4361,6130.31133245161
2021,Bosnia and Herzegovina,BIH,19454671753.5435,7295.3438240957
2022,Bosnia and Herzegovina,BIH,20276983961.3676,7655.59421024383
2023,Bosnia and Herzegovina,BIH,20681387156.8456,8663.02322987879
2024,Bosnia and Herzegovina,BIH,21194295295.9242,8957.37294188215
2020,Botswana,BWA,14796887968.598,6323.29749806946
2021,Botswana,BWA,16560125447.6096,7807.88794500125
2022,Botswana,BWA,17468616755.5627,8328.70905682185
2023,Botswana,BWA,18029021881.095,7826.35376483298
2024,Botswana,BWA,17489977781.8862,7695.2420641819
2020,Brazil,BRA,1760056587795.46,7074.19378337644
2021,Brazil,BRA,1843881119920.2,7972.5366498646
2022,Brazil,BRA,1899505377558.02,9281.33334441234
2023,Brazil,BRA,1961080794855.6,10377.5892792557
2024,Brazil,BRA,2027676479714.69,10280.3148624429
2020,Brunei Darussalam,BRN,13429259999.6183,26834.3592463839
2021,Brunei Darussalam,BRN,13215632370.1015,31006.9636220576
2022,Brunei Darussalam,BRN,13000438059.9791,36632.9280421411
2023,Brunei Darussalam,BRN,13147036744.6471,32890.5492465722
2024,Brunei Darussalam,BRN,13699261291.4929,33417.8357740437
2020,Bulgaria,BGR,55357337083.979,10769.9475699414
2021,Bulgaria,BGR,59664478253.8097,12972.2173356002
2022,Bulgaria,BGR,62074193826.5485,13999.6719197289
2023,Bulgaria,BGR,63245418926.902,15883.8618545581
2024,Bulgaria,BGR,65023138713.8977,17412.4115085691
2020,Burkina Faso,BFA,15332394848.5201,825.237038782475
2021,Burkina Faso,BFA,16396850182.5889,895.535288442991
2022,Burkina Faso,BFA,16642350339.7932,836.118304593682
2023,Burkina Faso,BFA,17134994111.3648,882.689810086163
2024,Burkina Faso,BFA,17989191217.9315,987.321378101867
2020,Burundi,BDI,3218331064.79216,210.008139902508
2021,Burundi,BDI,3318099327.75908,214.091455416133
2022,Burundi,BDI,3379450965.7308,250.634225368744
2023,Burundi,BDI,3469531569.62627,192.074305359351
2024,Burundi,BDI,3590591566.67407,153.930217854023
2020,Cabo Verde,CPV,1675762033.71886,3539.22661248299
2021,Cabo Verde,CPV,1793627260.88123,3971.44409203423
2022,Cabo Verde,CPV,2077803747.08658,4323.31362032709
2023,Cabo Verde,CPV,2189821144.81553,4861.29184126229
2024,Cabo Verde,CPV,2349062342.91628,5272.85253011419
2020,Cambodia,KHM,31922812945.0881,2081.73914242939
2021,Cambodia,KHM,32909177695.6837,2167.40324198499
2022,Cambodia,KHM,34597385966.8205,2325.03050040841
2023,Cambodia,KHM,36329791405.1332,2429.74853452838
2024,Cambodia,KHM,38515324291.0221,2627.8796974226
2020,Cameroon,CMR,37599547048.5841,1555.60370660749
2021,Cameroon,CMR,38854942334.5769,1672.32657340872
2022,Cameroon,CMR,40306867605.1364,1604.87726954895
2023,Cameroon,CMR,41616173714.8732,1736.86091073524
2024,Cameroon,CMR,43143796434.6279,1762.3683508844
2020,Canada,CAN,1611126165625.03,43537.839298904
2021,Canada,CAN,1706996679677.69,52886.6616372703
2022,Canada,CAN,1778503389905.0,56256.8007264015
2023,Canada,CAN,1805692180594.62,54220.3285039875
2024,Canada,CAN,1833284621684.46,54282.6176051733
2020,Caribbean small states,CSS,55507079559.9414,11925.7573950011
2021,Caribbean small states,CSS,59103421605.5353,13833.3099303464
2022,Caribbean small states,CSS,67979666350.8331,17355.8366579795
2023,Caribbean small states,CSS,74103242039.828,17582.2636796878
2024,Caribbean small states,CSS,83991820136.3269,20173.9564746676
2020,Cayman Islands,CYM,5165012420.04968,82338.7982853661
2021,Cayman Islands,CYM,5418352633.41053,86438.445257404
2022,Cayman Islands,CYM,5697740750.963,92202.1478031576
2023,Cayman Islands,CYM,5946143784.57514,97749.5078960846
2024,Cayman Islands,CYM,5946143784.57514,97749.5078960846
2020,Central African Republic,CAF,2004791529.66202,462.879071294011
2021,Central African Republic,CAF,2024497026.49048,492.263142830507
2022,Central African Republic,CAF,2033686256.58477,467.359825026238
2023,Central African Republic,CAF,2047921417.53104,495.978897288721
2024,Central African Republic,CAF,2079451880.73432,516.170424537757
2020,Central Europe and the Baltics,CEB,1481155886225.71,16595.9352698049
2021,Central Europe and the Baltics,CEB,1578113488315.7,19239.8185020397
2022,Central Europe and the Baltics,CEB,1641816629620.64,19548.6930479638
2023,Central Europe and the Baltics,CEB,1654348256920.11,22699.5351734821
2024,Central Europe and the Baltics,CEB,1686828167631.51,24543.3040551654
2020,Chad,TCD,15239205317.8836,866.947814890409
2021,Chad,TCD,15284005406.1652,946.358500208374
2022,Chad,TCD,17255124958.5401,966.036468278568
2023,Chad,TCD,17965596410.3591,989.058528968588
2024,Chad,TCD,18622140346.8315,1016.08880662712
2020,Channel Islands,CHI,9748142610.59911,56785.9402005039
2021,Channel Islands,CHI,10716796179.0641,66912.1753241171
2022,Channel Islands,CHI,11289283294.6692,67627.3084478235
2023,Channel Islands,CHI,11708680835.5485,74589.1381155014
2024,Channel Islands,CHI,11708680835.5485,74589.1381155014
2020,Chile,CHL,245600606668.884,13114.815470545
2021,Chile,CHL,273390120031.28,16206.8325493421
2022,Chile,CHL,279278925615.692,15405.6165774073
2023,Chile,CHL,280734996501.051,17067.0364799154
2024,Chile,CHL,288158504434.814,16709.8893972307
2020,China,CHN,14920466234565.3,10627.4637989619
2021,China,CHN,16199162892908.6,12887.4357242941
2022,China,CHN,16706875253648.5,12970.6056414327
2023,China,CHN,17611526369126.6,12951.1782397043
2024,China,CHN,18488114837769.3,13303.1481543868
2020,Colombia,COL,298309675728.093,5339.68711357943
2021,Colombia,COL,330530695024.886,6222.62164397614
2022,Colombia,COL,354752900899.02,6680.44506854481
2023,Colombia,COL,357280089727.874,7000.83660501046
2024,Colombia,COL,363510345114.581,7913.98801464547
2020,Comoros,COM,1175888997.65107,1527.16990927956
2021,Comoros,COM,1207941361.73212,1587.72988601478
2022,Comoros,COM,1241985921.46684,1533.87755332151
2023,Comoros,COM,1280048596.62479,1682.20285095721
2024,Comoros,COM,1323426672.33943,1784.11546860293
2020,"Congo, Dem. Rep.",COD,45259708653.5116,507.521230077872
2021,"Congo, Dem. Rep.",COD,48065880294.8504,558.034077296358
2022,"Congo, Dem. Rep.",COD,52355494715.7899,642.612267148918
2023,"Congo, Dem. Rep.",COD,56862826231.0464,633.395661686298
2024,"Congo, Dem. Rep.",COD,60658948871.0797,647.435704836002
2020,"Congo, Rep.",COG,9926500702.40064,1993.586671931
2021,"Congo, Rep.",COG,10027261669.7995,2516.16255145432
2022,"Congo, Rep.",COG,10175199489.7639,2620.83804304713
2023,"Congo, Rep.",COG,10369226732.5707,2477.97845477092
2024,"Congo, Rep.",COG,10636718190.0486,2482.24894743495
2020,Costa Rica,CRI,61631202097.7581,12394.0493969354
2021,Costa Rica,CRI,66522107766.4702,12838.1185359009
2022,Costa Rica,CRI,69549856033.0671,13625.9008491478
2023,Costa Rica,CRI,73105190307.9487,16942.0268119304
2024,Costa Rica,CRI,76264229553.518,18587.1532203614
2020,Cote d'Ivoire,CIV,59423700880.6615,2179.72934832935
2021,Cote d'Ivoire,CIV,63620992438.4818,2455.98127626488
2022,Cote d'Ivoire,CIV,67692661917.0177,2333.37128334477
2023,Cote d'Ivoire,CIV,72059148622.0897,2554.67304885576
2024,Cote d'Ivoire,CIV,76346667965.1186,2709.89511641252
2020,Croatia,HRV,53017808755.2998,14808.4620188819
2021,Croatia,HRV,59714859477.6201,17789.9304736722
2022,Croatia,HRV,64066840476.8464,18466.0955472648
2023,Croatia,HRV,66182676637.3453,21865.4562838641
2024,Croatia,HRV,68707509493.9887,23931.4528382746
2020,Curacao,CUW,2308903004.87561,16356.0933254541
2021,Curacao,CUW,2405500855.35508,17979.9982909306
2022,Curacao,CUW,2596088688.12486,20501.7522782219
2023,Curacao,CUW,2705176334.79987,21061.741639092
2024,Curacao,CUW,2705176334.79987,21061.741639092
2020,Cyprus,CYP,24433464399.3925,28649.015625
2021,Cyprus,CYP,27215993570.0299,33734.03515625
2022,Cyprus,CYP,29176869929.2316,33894.44921875
2023,Cyprus,CYP,29983292283.1747,36551.41796875
2024,Cyprus,CYP,31017134702.0533,38654.16796875
2020,Czechia,CZE,205753475017.539,23472.8915454417
2021,Czechia,CZE,214043320221.167,27696.4619527544
2022,Czechia,CZE,220137498830.73,28282.2236715857
2023,Czechia,CZE,220015846842.127,31591.0568216357
2024,Czechia,CZE,222480870567.081,31706.6234229743
2020,Denmark,DNK,326176991232.295,60985.4885601514
2021,Denmark,DNK,350255593092.935,69727.9873677012
2022,Denmark,DNK,355650135426.456,68091.3191138669
2023,Denmark,DNK,364524261929.185,68453.8769281145
2024,Denmark,DNK,377924893185.309,71851.7562131368
2020,Djibouti,DJI,3065135713.11422,2844.88810647853
2021,Djibouti,DJI,3200221046.31128,3025.91126413549
2022,Djibouti,DJI,3365561651.66421,3133.25779772463
2023,Djibouti,DJI,3613673262.56462,3397.52015779588
2024,Djibouti,DJI,3828825224.95935,3496.47111876763
2020,Dominica,DMA,493481872.044211,7827.74842680426
2021,Dominica,DMA,520030399.241901,8376.40414141113
2022,Dominica,DMA,574096959.632995,9323.66089490562
2023,Dominica,DMA,595064186.903307,9912.96212766668
2024,Dominica,DMA,607279298.404095,10405.2787777582
2020,Dominican Republic,DOM,81415993438.0734,7135.22273255899
2021,Dominican Republic,DOM,92824351636.8768,8527.0754858205
2022,Dominican Republic,DOM,97686450823.9666,10104.2449349081
2023,Dominican Republic,DOM,99828029402.8707,10630.431743829
2024,Dominican Republic,DOM,104771210812.017,10875.6618443092
2020,Early-demographic dividend,EAR,11429059854628.2,3250.74974734387
2021,Early-demographic dividend,EAR,12286980106865.2,3765.51079786712
2022,Early-demographic dividend,EAR,13019308032115.2,4113.00084852322
2023,Early-demographic dividend,EAR,13619615419438.9,4322.18279373346
2024,Early-demographic dividend,EAR,14107532835813.9,4529.82686738144
2020,East Asia & Pacific,EAS,26616378301685.4,11595.2940923559
2021,East Asia & Pacific,EAS,28303786374948.2,13282.7636699758
2022,East Asia & Pacific,EAS,29150203066864.1,13084.2848090909
2023,East Asia & Pacific,EAS,30372749451495.6,13117.90954458
2024,East Asia & Pacific,EAS,31555644471372.1,13349.0833109152
2020,East Asia & Pacific (IDA & IBRD countries),TEA,17576382690506.0,8485.42025780464
2021,East Asia & Pacific (IDA & IBRD countries),TEA,18933189104502.4,10086.4785164265
2022,East Asia & Pacific (IDA & IBRD countries),TEA,19604430465360.1,10220.360503609
2023,East Asia & Pacific (IDA & IBRD countries),TEA,20634587930341.1,10239.674334039
2024,East Asia & Pacific (IDA & IBRD countries),TEA,21658601459281.0,10513.9755660123
2020,East Asia & Pacific (excluding high income),EAP,17598124771099.8,8391.36838432688
2021,East Asia & Pacific (excluding high income),EAP,18956664571163.5,9974.63640001599
2022,East Asia & Pacific (excluding high income),EAP,19628749418509.5,10106.8725194012
2023,East Asia & Pacific (excluding high income),EAP,20660196667673.4,10125.7668065643
2024,East Asia & Pacific (excluding high income),EAP,21685479497061.6,10396.8255168912
2020,Ecuador,ECU,93971273313.9152,5463.64515348598
2021,Ecuador,ECU,102825145845.295,6061.32350181711
2022,Ecuador,ECU,108859360917.986,6515.58528418336
2023,Ecuador,ECU,111023744250.546,6737.84748379638
2024,Ecuador,ECU,108801876280.216,6874.705739766
2020,"Egypt, Arab Rep.",EGY,412213064649.087,3511.11381026379
2021,"Egypt, Arab Rep.",EGY,425777537421.996,3827.35415374308
2022,"Egypt, Arab Rep.",EGY,453827104224.605,4233.30783744856
2023,"Egypt, Arab Rep.",EGY,470892276431.916,3456.78968456253
2024,"Egypt, Arab Rep.",EGY,482189779212.632,3338.47371395895
2020,El Salvador,SLV,23744951345.511,3997.19279583709
2021,El Salvador,SLV,26571731219.3539,4642.60743101342
2022,El Salvador,SLV,27356823619.6966,5074.60210221806
2023,El Salvador,SLV,28325024473.7907,5365.44491399171
2024,El Salvador,SLV,29062047321.2665,5579.65969165029
2020,Equatorial Guinea,GNQ,9569759527.14748,5764.05502912947
2021,Equatorial Guinea,GNQ,9652085293.25754,6945.63069794539
2022,Equatorial Guinea,GNQ,9963221065.40967,7589.29964909381
2023,Equatorial Guinea,GNQ,9456161986.86363,6677.793435386
2024,Equatorial Guinea,GNQ,9541952850.62711,6745.40013244916
2020,Estonia,EST,26519903136.8312,23933.9939421065
2021,Estonia,EST,28417255488.3023,27953.7670230126
2022,Estonia,EST,28434428182.5728,28451.1477825175
2023,Estonia,EST,27574844401.6353,30133.304450454
2024,Estonia,EST,27502872345.3324,31170.0915091887
2020,Eswatini,SWZ,4289130010.73364,3454.784217446
2021,Eswatini,SWZ,4436460293.19634,3966.29863253832
2022,Eswatini,SWZ,4486130488.61763,3889.65276959161
2023,Eswatini,SWZ,4640654280.34639,3741.69010745416
2024,Eswatini,SWZ,4763200252.14567,3936.10969242371
2020,Ethiopia,ETH,95071775811.9827,905.313159254148
2021,Ethiopia,ETH,100435279224.388,910.947887074508
2022,Ethiopia,ETH,105780203623.569,1011.07332413462
2023,Ethiopia,ETH,112755610463.007,1011.07332413462
2024,Ethiopia,ETH,121005590210.621,1011.07332413462
2020,Euro area,EMU,12007722379858.0,38234.5335889285
2021,Euro area,EMU,12771227094666.1,42967.2551656434
2022,Euro area,EMU,13223731356621.6,41446.4322827569
2023,Euro area,EMU,13279098631202.1,45068.7010930397
2024,Euro area,EMU,13393736692322.8,46724.355622795
2020,Europe & Central Asia,ECS,21227016942120.2,24121.4791035767
2021,Europe & Central Asia,ECS,22663327013124.6,27591.4108786977
2022,Europe & Central Asia,ECS,23411478944492.1,27782.8616206223
2023,Europe & Central Asia,ECS,23661852190513.6,29835.7180523654
2024,Europe & Central Asia,ECS,24020514881046.7,31392.581963732
2020,Europe & Central Asia (IDA & IBRD countries),TEC,4050935056374.27,8456.58174660206
2021,Europe & Central Asia (IDA & IBRD countries),TEC,4353968378362.0,9987.98864443054
2022,Europe & Central Asia (IDA & IBRD countries),TEC,4438760777745.55,11410.4415323006
2023,Europe & Central Asia (IDA & IBRD countries),TEC,4609287181110.06,12106.9240912296
2024,Europe & Central Asia (IDA & IBRD countries),TEC,4778589795959.56,13257.56545104
2020,Europe & Central Asia (excluding high income),ECA,1743366626834.25,5733.41761868436
2021,Europe & Central Asia (excluding high income),ECA,1901050092508.42,6623.35137698536
2022,Europe & Central Asia (excluding high income),ECA,1960093561392.93,7247.60981221236
2023,Europe & Central Asia (excluding high income),ECA,2059584774968.09,8571.4101866164
2024,Europe & Central Asia (excluding high income),ECA,2136859141351.96,9668.56270854153
2020,European Union,EUU,14048682909024.6,34698.4032089427
2021,European Union,EUU,14941776767669.3,39214.3660784805
2022,European Union,EUU,15463565105696.1,37962.8295010744
2023,European Union,EUU,15534002015257.9,41392.0743803078
2024,European Union,EUU,15693282674206.4,43145.1566930223
2020,Faroe Islands,FRO,2854366727.12733,62240.822409175
2021,Faroe Islands,FRO,3011481923.30763,68749.4005557957
2022,Faroe Islands,FRO,3118570937.35915,66139.3809716876
2023,Faroe Islands,FRO,3196193980.39855,71774.3522353393
2024,Faroe Islands,FRO,3196193980.39855,71774.3522353393
2020,Fiji,FJI,4327208912.29646,4844.42127154524
2021,Fiji,FJI,4115996279.01139,4696.17103944634
2022,Fiji,FJI,4930664173.03194,5405.03006162671
2023,Fiji,FJI,5301661710.96712,5888.73667332429
2024,Fiji,FJI,5504662278.88559,6288.39867264416
2020,Finland,FIN,247120696232.09,48828.6846862799
2021,Finland,FIN,253734502126.393,53099.1351400148
2022,Finland,FIN,255670602724.759,50440.560224974
2023,Finland,FIN,253249645355.292,52821.5114340717
2024,Finland,FIN,252859096867.846,53188.6186245158
2020,Fragile and conflict affected situations,FCS,1699267989987.5,1689.91690757517
2021,Fragile and conflict affected situations,FCS,1741443211654.67,1763.84589367628
2022,Fragile and conflict affected situations,FCS,1763323392618.96,1903.89887310976
2023,Fragile and conflict affected situations,FCS,1798124677036.84,1781.86010011545
2024,Fragile and conflict affected situations,FCS,1828147623816.98,1690.97291408665
2020,France,FRA,2413981867676.36,39169.8606000707
2021,France,FRA,2580120255051.75,43725.0999521245
2022,France,FRA,2646451030889.78,41082.8119320747
2023,France,FRA,2671234714486.56,44690.9345395117
2024,France,FRA,2702385011317.5,46150.4876861593
2020,French Polynesia,PYF,5525788640.18248,19966.4838503859
2021,French Polynesia,PYF,5641527935.8258,21982.9038942614
2022,French Polynesia,PYF,5893499994.30056,20738.6499971661
2023,French Polynesia,PYF,6070123891.45964,22774.1418988734
2024,French Polynesia,PYF,6070123891.45964,22774.1418988734
2020,Gabon,GAB,15176119359.5533,6605.80346077904
2021,Gabon,GAB,15398898313.8373,8181.40914134398
2022,Gabon,GAB,15866657481.1283,8409.20741452279
2023,Gabon,GAB,16254737014.9742,8071.39777400455
2024,Gabon,GAB,16804782297.4574,8218.76307061848
2020,"Gambia, The",GMB,1687449652.95674,720.335143352133
2021,"Gambia, The",GMB,1776141480.03218,781.890925169531
2022,"Gambia, The",GMB,1873704900.53827,836.244875582631
2023,"Gambia, The",GMB,1963596060.75029,888.157407441902
2024,"Gambia, The",GMB,2076438382.25331,908.525674150965
2020,Georgia,GEO,17346401920.57,4300.85701291207
2021,Georgia,GEO,19192793472.268,5083.60695484577
2022,Georgia,GEO,21296041913.2144,6729.84659930283
2023,Georgia,GEO,22963990777.4548,8283.66960652261
2024,Georgia,GEO,25129167228.2708,9193.66366361489
2020,Germany,DEU,3522914639711.92,47379.765194548
2021,Germany,DEU,3652205602904.36,52265.6541620571
2022,Germany,DEU,3702230996915.75,49686.1154582583
2023,Germany,DEU,3692366831839.57,53940.4073447462
2024,Germany,DEU,3683559545240.29,55800.2194549412
2020,Ghana,GHA,62825173619.4157,2195.45481659987
2021,Ghana,GHA,66014472471.1465,2445.18662529344
2022,Ghana,GHA,68526224001.2217,2229.89122647803
2023,Ghana,GHA,70678009792.105,2383.90410483418
2024,Ghana,GHA,74695964607.757,2405.79466378083
2020,Greece,GRC,187085880047.738,17886.733165236
2021,Greece,GRC,203277223532.871,20654.7001960815
2022,Greece,GRC,214952753800.9,20971.8349258283
2023,Greece,GRC,219965719527.074,23400.7278817691
2024,Greece,GRC,224962760462.684,24752.1068401681
2020,Greenland,GRL,2715195047.19671,54812.6661771023
2021,Greenland,GRL,2759563889.53607,58135.9939910203
2022,Greenland,GRL,2814880887.77734,55635.0006491223
2023,Greenland,GRL,2839256686.24476,58498.9743142433
2024,Greenland,GRL,2839256686.24476,58498.9743142433
2020,Grenada,GRD,978809798.804488,8968.55890108484
2021,Grenada,GRD,1024691294.44286,9622.24050459345
2022,Grenada,GRD,1099706286.21882,10535.4588771454
2023,Grenada,GRD,1151169921.08874,11308.2874249451
2024,Grenada,GRD,1193683309.23905,11871.6117006031
2020,Guatemala,GTM,69530649309.9694,4477.61761796418
2021,Guatemala,GTM,75122098203.595,4912.62225721201
2022,Guatemala,GTM,78265595990.3531,5358.70127494396
2023,Guatemala,GTM,81030842139.5616,5758.30876298845
2024,Guatemala,GTM,83989978802.2225,6150.02597767851
2020,Guinea,GIN,12643401588.6985,1053.66097696415
2021,Guinea,GIN,13349198344.073,1244.96550477914
2022,Guinea,GIN,13879482945.938,1416.59612011764
2023,Guinea,GIN,14648645956.2703,1555.49375806861
2024,Guinea,GIN,15479007958.4173,1717.02318120779
2020,Guinea-Bissau,GNB,1422567560.22443,836.26731423732
2021,Guinea-Bissau,GNB,1497072635.73124,912.484104692847
2022,Guinea-Bissau,GNB,1580686197.61986,873.437861875428
2023,Guinea-Bissau,GNB,1651243277.32771,964.927554218909
2024,Guinea-Bissau,GNB,1730725640.51329,962.983627901892
2020,Guyana,GUY,7275896377.20418,6775.70939096303
2021,Guyana,GUY,8735441012.70968,9860.87014834386
2022,Guyana,GUY,14268000638.322,17913.4928066879
2023,Guyana,GUY,19089873040.0558,20473.7002190617
2024,Guyana,GUY,27369534584.2722,29883.6341152001
2020,Haiti,HTI,14973407477.2561,1290.32538667383
2021,Haiti,HTI,14704149691.2104,1835.44394078496
2022,Haiti,HTI,14456828250.6294,1760.62635668777
2023,Haiti,HTI,14187369712.6764,1705.75808460999
2024,Haiti,HTI,13595808327.3781,2142.62330526788
2020,Heavily indebted poor countries (HIPC),HPC,808405548885.444,968.074022023344
2021,Heavily indebted poor countries (HIPC),HPC,842697165751.427,1049.99987506014
2022,Heavily indebted poor countries (HIPC),HPC,884765753783.792,1111.39185793698
2023,Heavily indebted poor countries (HIPC),HPC,915566268376.055,1173.17370951469
2024,Heavily indebted poor countries (HIPC),HPC,963576544877.918,1272.36066941335
2020,High income,HIC,52275421377053.5,40219.1360185556
2021,High income,HIC,55330068427069.5,45211.9410454248
2022,High income,HIC,56991784393162.4,46655.1648590412
2023,High income,HIC,58029791997231.9,48708.4624685822
2024,High income,HIC,59148025095761.1,50443.9276011317
2020,Honduras,HND,22156260473.8169,2307.61494319511
2021,Honduras,HND,24940257609.6892,2735.14751503977
2022,Honduras,HND,25973672631.7766,3003.28996826399
2023,Honduras,HND,26902451582.3921,3227.45762509776
2024,Honduras,HND,27858556649.7637,3426.43483328923
2020,"Hong Kong SAR, China",HKG,310097371736.975,46109.2299946609
2021,"Hong Kong SAR, China",HKG,330112373193.41,49770.5642374739
2022,"Hong Kong SAR, China",HKG,317951853968.253,48825.8441873536
2023,"Hong Kong SAR, China",HKG,328172381393.87,50565.4647717265
2024,"Hong Kong SAR, China",HKG,336511889872.948,54107.034521746
2020,Hungary,HUN,141809897486.431,16386.9308821258
2021,Hungary,HUN,152052706989.445,19030.628130329
2022,Hungary,HUN,158545886039.554,18483.6366867035
2023,Hungary,HUN,157210091224.024,22312.1790289763
2024,Hungary,HUN,158015487624.862,23310.7512733957
2020,IBRD only,IBD,30918389883811.0,6236.68120499036
2021,IBRD only,IBD,33275684905703.1,7366.1147382175
2022,IBRD only,IBD,34518738883482.8,7745.39306575372
2023,IBRD only,IBD,36182711729765.4,7964.73675347128
2024,IBRD only,IBD,37743568925065.3,8253.92125275536
2020,IDA & IBRD total,IBT,33422117667116.0,4932.64621363093
2021,IDA & IBRD total,IBT,35890142142901.6,5764.25548879942
2022,IDA & IBRD total,IBT,37247787154639.2,6043.77728725502
2023,IDA & IBRD total,IBT,38993185387329.6,6162.30588823383
2024,IDA & IBRD total,IBT,40672526012094.1,6351.48106277471
2020,IDA blend,IDB,1225032497318.17,1735.42504387769
2021,IDA blend,IDB,1289525302964.17,1857.19734593257
2022,IDA blend,IDB,1345818371567.92,1962.52152270807
2023,IDA blend,IDB,1382652971524.27,1729.91982930792
2024,IDA blend,IDB,1436172981565.02,1565.83627113068
2020,IDA only,IDX,1277908197614.65,1179.86645615956
2021,IDA only,IDX,1324839459173.57,1254.09572124934
2022,IDA only,IDX,1382974642789.89,1330.40253875948
2023,IDA only,IDX,1428025023126.83,1347.74690969092
2024,IDA only,IDX,1493023195774.28,1444.42895490433
2020,IDA total,IDA,2502940694932.82,1374.49201596905
2021,IDA total,IDA,2614364762137.74,1465.04691576142
2022,IDA total,IDA,2728793014357.81,1551.17381360191
2023,IDA total,IDA,2810677994651.1,1480.94361341054
2024,IDA total,IDA,2929196177339.29,1486.64710905859
2020,Iceland,ISL,19291243916.1307,59023.5663465778
2021,Iceland,ISL,20262250570.2042,69178.4046960961
2022,Iceland,ISL,22081592142.8124,75121.0152280628
2023,Iceland,ISL,23328420812.2357,79960.0961535662
2024,Iceland,ISL,23448996816.296,82703.8579937471
2020,India,IND,2533830417086.54,1907.04251637669
2021,India,IND,2779348258938.77,2239.61384367482
2022,India,IND,2990839011962.46,2347.44829434623
2023,India,IND,3265719695911.24,2530.12031278204
2024,India,IND,3477476264134.11,2696.66389984463
2020,Indonesia,IDN,1027656193885.38,3853.70288774146
2021,Indonesia,IDN,1065709127396.86,4287.17313995098
2022,Indonesia,IDN,1122268412650.2,4730.83484836107
2023,Indonesia,IDN,1178932006499.5,4876.30774512252
2024,Indonesia,IDN,1238236350136.56,4925.43048751861
2020,"Iran, Islamic Rep.",IRN,449842285446.341,2988.78122414716
2021,"Iran, Islamic Rep.",IRN,471073841462.031,4334.79268631354
2022,"Iran, Islamic Rep.",IRN,488864564083.075,4405.09291519791
2023,"Iran, Islamic Rep.",IRN,513527244543.925,4465.63766853306
2024,"Iran, Islamic Rep.",IRN,529138474367.299,4771.40029026226
2020,Iraq,IRQ,177479307669.569,4295.18945121228
2021,Iraq,IRQ,180145367592.772,4868.49431080783
2022,Iraq,IRQ,194483223959.197,6520.73154560584
2023,Iraq,IRQ,195490074355.087,5965.31835077761
2024,Iraq,IRQ,192469260104.189,6073.61032342708
2020,Ireland,IRL,407759843938.039,86622.5067251295
2021,Ireland,IRL,474043708271.963,103961.976350649
2022,Ireland,IRL,514903922090.306,105234.511567597
2023,Ireland,IRL,486429697154.214,103887.800388081
2024,Ireland,IRL,492370629886.028,107316.337306921
2020,Israel,ISR,349579824803.208,44575.5719045492
2021,Israel,ISR,382399686301.549,52270.9040241956
2022,Israel,ISR,406350386042.279,54949.621556429
2023,Israel,ISR,413772459124.137,52003.7200729997
2024,Israel,ISR,417380424316.47,54176.6844383302
2020,Italy,ITA,1751650987235.43,32091.4866621366
2021,Italy,ITA,1908092024820.83,36852.5425414951
2022,Italy,ITA,2000084512919.56,35653.9042103495
2023,Italy,ITA,2014392567519.09,39065.4244365633
2024,Italy,ITA,2029012875282.16,40226.0472416173
2020,Jamaica,JAM,13452615521.9861,4879.44025773374
2021,Jamaica,JAM,14071627468.5505,5165.33782130331
2022,Jamaica,JAM,14806380290.2635,6022.15339791763
2023,Jamaica,JAM,15192036607.5145,6839.72502408181
2024,Jamaica,JAM,15082835198.3407,7019.74634780454
2020,Japan,JPN,4374056271824.01,40028.7341726762
2021,Japan,JPN,4492005937826.88,40094.5599795288
2022,Japan,JPN,4534320578755.85,34065.6438962526
2023,Japan,JPN,4601203385713.7,33836.1756271617
2024,Japan,JPN,4605054526891.98,32475.8924992191
2020,Jordan,JOR,41362613665.9359,4022.0401356135
2021,Jordan,JOR,42874683401.0676,4183.49998326866
2022,Jordan,JOR,44009762839.5016,4332.25159897931
2023,Jordan,JOR,45279041100.7738,4466.08314208575
2024,Jordan,JOR,46405988481.4729,4618.09592498567
2020,Kazakhstan,KAZ,205829267103.2,8781.50797787648
2021,Kazakhstan,KAZ,214679925583.069,9983.60103576902
2022,Kazakhstan,KAZ,221549683201.099,11255.3396437881
2023,Kazakhstan,KAZ,232848717044.355,12879.4275257974
2024,Kazakhstan,KAZ,244025455462.484,14005.3487362345
2020,Kenya,KEN,84035138346.859,1927.66459027849
2021,Kenya,KEN,90413816676.9795,2061.35622089594
2022,Kenya,KEN,94807911027.625,2109.56288513137
2023,Kenya,KEN,100075318170.786,1952.30457929636
2024,Kenya,KEN,104575203135.656,2206.1349785176
2020,Kiribati,KIR,224083587.996285,1751.7823197053
2021,Kiribati,KIR,243085288.871158,2222.04829512346
2022,Kiribati,KIR,254185355.451337,2069.76720110559
2023,Kiribati,KIR,260926378.720306,2177.70114080416
2024,Kiribati,KIR,274669108.240318,2288.63458265531
2020,"Korea, Rep.",KOR,1626525694049.93,31721.2989141857
2021,"Korea, Rep.",KOR,1696543311942.81,35125.5224984723
2022,"Korea, Rep.",KOR,1740868427277.01,32394.6833725203
2023,"Korea, Rep.",KOR,1764487367948.7,33121.3712885508
2024,"Korea, Rep.",KOR,1764487367948.7,33121.3712885508
2020,Kosovo,XKX,7144396206.5298,4310.89065548799
2021,Kosovo,XKX,7912108452.01596,5270.42965289833
2022,Kosovo,XKX,8250627929.71309,5290.94747224687
2023,Kosovo,XKX,8586232700.23679,6221.20365212094
2024,Kosovo,XKX,8965120678.05835,7299.43498083118
2020,Kuwait,KWT,112389026890.492,25236.0755520534
2021,Kuwait,KWT,114268887221.657,34018.6342879647
2022,Kuwait,KWT,121991940846.717,39981.7690981957
2023,Kuwait,KWT,119958084014.587,34075.8490439847
2024,Kuwait,KWT,116887023750.862,32213.8622292316
2020,Kyrgyz Republic,KGZ,7354379549.41978,1229.51766602907
2021,Kyrgyz Republic,KGZ,7759385792.10421,1349.99730650542
2022,Kyrgyz Republic,KGZ,8455209116.53133,1739.72018344174
2023,Kyrgyz Republic,KGZ,9217301873.9258,2138.22210211478
2024,Kyrgyz Republic,KGZ,10050558458.4137,2419.26553574523
2020,Lao PDR,LAO,18584864138.19,2583.77730696131
2021,Lao PDR,LAO,19054754737.3799,2526.05105018529
2022,Lao PDR,LAO,19570648221.6862,2046.40440255621
2023,Lao PDR,LAO,20303702352.295,2066.94979776957
2024,Lao PDR,LAO,21168286229.0226,2123.97909411797
2020,Late-demographic dividend,LTE,22887703956518.8,9869.54019951006
2021,Late-demographic dividend,LTE,24624023134000.9,11755.4245358535
2022,Late-demographic dividend,LTE,25437321884150.9,12280.1075352976
2023,Late-demographic dividend,LTE,26544732941232.0,12422.7253981593
2024,Late-demographic dividend,LTE,27726773907703.2,12843.3344406811
2020,Latin America & Caribbean,LCN,5256988958827.01,7445.29645309345
2021,Latin America & Caribbean,LCN,5629292795061.98,8597.53194021339
2022,Latin America & Caribbean,LCN,5852718532889.01,9716.03266743824
2023,Latin America & Caribbean,LCN,5984582714771.78,10838.827948659
2024,Latin America & Caribbean,LCN,6120149003231.26,11044.6796556507
2020,Latin America & Caribbean (excluding high income),LAC,4434160816743.52,6892.38171560913
2021,Latin America & Caribbean (excluding high income),LAC,4738805598953.66,7955.36133413771
2022,Latin America & Caribbean (excluding high income),LAC,4921332047465.75,9093.65274220086
2023,Latin America & Caribbean (excluding high income),LAC,5029038817710.75,10166.928671097
2024,Latin America & Caribbean (excluding high income),LAC,5130228804879.38,10344.66889924
2020,Latin America & the Caribbean (IDA & IBRD countries),TLA,5053884455721.68,7240.29672376392
2021,Latin America & the Caribbean (IDA & IBRD countries),TLA,5421811194207.57,8382.42554035091
2022,Latin America & the Caribbean (IDA & IBRD countries),TLA,5638697291727.06,9482.77639942335
2023,Latin America & the Caribbean (IDA & IBRD countries),TLA,5770564610504.88,10593.1164302324
2024,Latin America & the Caribbean (IDA & IBRD countries),TLA,5900062201496.05,10784.3171528207
2020,Latvia,LVA,28318076614.1623,17564.2321549354
2021,Latvia,LVA,30284070900.4111,20261.8887788916
2022,Latvia,LVA,30831235007.8675,20227.2307431581
2023,Latvia,LVA,31711225667.413,22675.5786295407
2024,Latvia,LVA,31570906307.78,23367.5986788961
2020,Least developed countries: UN classification,LDC,1113522295629.76,1088.70490856513
2021,Least developed countries: UN classification,LDC,1144938564973.56,1161.529354921
2022,Least developed countries: UN classification,LDC,1199588213307.82,1273.78979194705
2023,Least developed countries: UN classification,LDC,1236202287881.51,1254.2327931358
2024,Least developed countries: UN classification,LDC,1283967350018.15,1325.30935386629
2020,Lebanon,LBN,36728167162.8739,5561.19166950397
2021,Lebanon,LBN,34156740537.1604,4045.37391066234
2022,Lebanon,LBN,33944395264.1769,3654.35845534878
2023,Lebanon,LBN,33686219465.2748,3477.72489842684
2024,Lebanon,LBN,33686219465.2748,3477.72489842684
2020,Lesotho,LSO,2112391149.60613,918.582577421982
2021,Lesotho,LSO,2160272945.18777,1066.58643600093
2022,Lesotho,LSO,2211855514.87917,1030.12579628833
2023,Lesotho,LSO,2252257826.396,916.282970463888
2024,Lesotho,LSO,2314470552.10872,971.814620468788
2020,Liberia,LBR,3115556299.79146,616.787867006715
2021,Liberia,LBR,3270920145.66908,667.96610514319
2022,Liberia,LBR,3428189426.39464,744.617175237387
2023,Liberia,LBR,3588757484.77383,799.194470229642
2024,Liberia,LBR,3760763574.17169,846.277368387389
2020,Libya,LBY,42996651437.748,6650.33810585348
2021,Libya,LBY,55179091532.8781,4935.82787349801
2022,Libya,LBY,50625917039.5711,5986.63694851258
2023,Libya,LBY,55767393124.5653,6172.81246940233
2024,Libya,LBY,55429536117.6065,6318.40314031017
2020,Lithuania,LTU,49023107998.6089,20428.6478157394
2021,Lithuania,LTU,52150790162.9131,23870.4594851722
2022,Lithuania,LTU,53474129886.9706,25085.784063499
2023,Lithuania,LTU,53657151896.4273,27786.0057829276
2024,Lithuania,LTU,55144866855.2473,29386.2878350187
2020,Low & middle income,LMY,30364678152934.2,4698.51752976729
2021,Low & middle income,LMY,32615980701022.0,5485.92472057214
2022,Low & middle income,LMY,33907264062796.1,5702.28344160279
2023,Low & middle income,LMY,35540827070549.6,5819.84086254913
2024,Low & middle income,LMY,37080976365808.6,5974.80452228262
2020,Low income,LIC,387893223538.741,607.964753680009
2021,Low income,LIC,392809494512.289,643.369305022958
2022,Low income,LIC,407094709532.929,723.504638939919
2023,Low income,LIC,406271392612.361,697.171191535478
2024,Low income,LIC,415746055643.676,746.934788844338
2020,Lower middle income,LMC,6010432229160.71,2058.43459982702
2021,Lower middle income,LMC,6410605814422.77,2302.44736874388
2022,Lower middle income,LMC,6803437747882.44,2424.15054696003
2023,Lower middle income,LMC,7212754867718.69,2443.40827649123
2024,Lower middle income,LMC,7582925171440.16,2517.63261211924
2020,Luxembourg,LUX,66366885630.9508,116860.02817236
2021,Luxembourg,LUX,70965934440.7674,134965.815442152
2022,Luxembourg,LUX,70188819483.6281,123719.658915996
2023,Luxembourg,LUX,69701966860.5088,131407.681364513
2024,Luxembourg,LUX,70421024000.2725,137516.587324367
2020,"Macao SAR, China",MAC,23271029702.122,36976.2561071429
2021,"Macao SAR, China",MAC,28748073961.0022,45376.314586156
2022,"Macao SAR, China",MAC,23110764976.5182,36909.9564090312
2023,"Macao SAR, China",MAC,40458134366.2488,67476.5290813306
2024,"Macao SAR, China",MAC,44021751446.6446,73046.8890267079
2020,Madagascar,MDG,12245161113.1284,450.771615201509
2021,Madagascar,MDG,12814644792.231,483.469463351371
2022,Madagascar,MDG,13347233960.4438,503.514533472879
2023,Madagascar,MDG,13908224364.6228,508.718427705736
2024,Madagascar,MDG,14492369787.9345,544.997302693127
2020,Malawi,MWI,10928176721.5316,602.507478176106
2021,Malawi,MWI,11426314939.9064,617.447520802454
2022,Malawi,MWI,11531564448.65,604.269751184515
2023,Malawi,MWI,11749794461.1495,602.343619809252
2024,Malawi,MWI,11964445581.275,508.371273531708
2020,Malaysia,MYS,344706479641.244,9957.52626697613
2021,Malaysia,MYS,356134704342.139,10903.1116425938
2022,Malaysia,MYS,387694727478.777,11748.0919307944
2023,Malaysia,MYS,401479163711.428,11379.0851923557
2024,Malaysia,MYS,422011432356.573,11867.2586435443
2020,Maldives,MDV,3663253192.1122,7393.8886543933
2021,Maldives,MDV,5037261437.35294,10176.143882547
2022,Maldives,MDV,5733717713.57584,11786.0091545343
2023,Maldives,MDV,6004715686.05068,12530.3602359683
2024,Maldives,MDV,6312995521.4407,13215.5353637008
2020,Mali,MLI,18942927332.0975,953.242943290974
2021,Mali,MLI,19530336378.5945,1027.27345365357
2022,Mali,MLI,20215515808.5184,969.72220560562
2023,Mali,MLI,21169114244.2516,1035.86242628411
2024,Mali,MLI,22228532291.1523,1086.1762176779
2020,Malta,MLT,14377204308.2371,31833.596382464
2021,Malta,MLT,16289342191.4774,38065.354346575
2022,Malta,MLT,16984786096.0933,36224.2819955817
2023,Malta,MLT,18139125340.4493,40182.4313854634
2024,Malta,MLT,19221900877.3265,42347.3073860173
2020,Marshall Islands,MHL,220900000.0,5661.96787336674
2021,Marshall Islands,MHL,223600000.0,6258.61193705127
2022,Marshall Islands,MHL,221100000.0,6322.82855503156
2023,Marshall Islands,MHL,212400000.0,6678.34239060448
2024,Marshall Islands,MHL,218285536.079407,7466.65186507409
2020,Mauritania,MRT,7145411800.0896,1795.76459566714
2021,Mauritania,MRT,7198481873.57489,1947.78918383313
2022,Mauritania,MRT,7687691068.95683,1960.35240077424
2023,Mauritania,MRT,8187943518.06282,2120.82318421747
2024,Mauritania,MRT,8613716581.00209,2082.78374423714
2020,Mauritius,MUS,11853530018.6947,9011.04288445023
2021,Mauritius,MUS,12257000314.8444,9068.97300226707
2022,Mauritius,MUS,13322509534.0851,10223.7882316574
2023,Mauritius,MUS,13989676007.3783,11182.186568616
2024,Mauritius,MUS,14646337854.9178,11871.733679438
2020,Mexico,MEX,1170944075562.06,8841.2707511328
2021,Mexico,MEX,1241768434263.7,10314.0506725979
2022,Mexico,MEX,1287850323410.01,11402.1410374782
2023,Mexico,MEX,1330290026507.73,13826.1306570122
2024,Mexico,MEX,1349633274638.14,14157.9445835849
2020,"Micronesia, Fed. Sts.",FSM,328143728.237262,3362.02793142215
2021,"Micronesia, Fed. Sts.",FSM,338315214.387187,3508.22356270221
2022,"Micronesia, Fed. Sts.",FSM,328484228.255961,3710.12448453257
2023,"Micronesia, Fed. Sts.",FSM,330068007.612522,3941.37247887414
2024,"Micronesia, Fed. Sts.",FSM,332441472.232801,4166.00476748564
2020,"Middle East, North Africa, Afghanistan & Pakistan",MEA,3815126319217.23,4707.81986084887
2021,"Middle East, North Africa, Afghanistan & Pakistan",MEA,4009121218432.45,5575.27298626728
2022,"Middle East, North Africa, Afghanistan & Pakistan",MEA,4264800933987.68,6383.39839256713
2023,"Middle East, North Africa, Afghanistan & Pakistan",MEA,4356654435885.64,6063.05247657864
2024,"Middle East, North Africa, Afghanistan & Pakistan",MEA,4441255215026.51,6180.85878446824
2020,"Middle East, North Africa, Afghanistan & Pakistan (IDA & IBRD)",TMN,1944741591324.67,2375.4738441756
2021,"Middle East, North Africa, Afghanistan & Pakistan (IDA & IBRD)",TMN,2031279316737.55,2712.78189413176
2022,"Middle East, North Africa, Afghanistan & Pakistan (IDA & IBRD)",TMN,2116184679697.21,2970.11428767476
2023,"Middle East, North Africa, Afghanistan & Pakistan (IDA & IBRD)",TMN,2177405849883.04,2792.71457545742
2024,"Middle East, North Africa, Afghanistan & Pakistan (IDA & IBRD)",TMN,2224467366545.57,2905.83377209255
2020,"Middle East, North Africa, Afghanistan & Pakistan (excluding high income)",MNA,1958778991324.67,2381.42542469934
2021,"Middle East, North Africa, Afghanistan & Pakistan (excluding high income)",MNA,2046301016737.55,2719.53126773593
2022,"Middle East, North Africa, Afghanistan & Pakistan (excluding high income)",MNA,2131819679697.21,2975.95566292741
2023,"Middle East, North Africa, Afghanistan & Pakistan (excluding high income)",MNA,2192328549883.04,2797.40730719316
2024,"Middle East, North Africa, Afghanistan & Pakistan (excluding high income)",MNA,2235426966545.57,2903.59793979158
2020,Middle income,MIC,29976533418754.6,5096.7359040376
2021,Middle income,MIC,32221704996904.7,5966.0001578766
2022,Middle income,MIC,33498581572684.0,6205.5459977675
2023,Middle income,MIC,35131866253295.2,6347.75391928372
2024,Middle income,MIC,36662034510703.6,6524.2573581605
2020,Moldova,MDA,8403210632.93021,4375.7788930524
2021,Moldova,MDA,9573777856.36482,5274.60582195352
2022,Moldova,MDA,9133384074.97203,5744.29618434435
2023,Moldova,MDA,9242984683.8717,6799.58594644576
2024,Moldova,MDA,9252510449.57983,7617.51613089815
2020,Monaco,MCO,6136054329.90152,176891.886538492
2021,Monaco,MCO,7500235156.94536,223823.363960226
2022,Monaco,MCO,8328781591.62882,226052.001905201
2023,Monaco,MCO,8748833912.54286,256580.515122745
2024,Monaco,MCO,8748833912.54286,256580.515122745
2020,Mongolia,MNG,13528524951.0287,4001.25193077703
2021,Mongolia,MNG,13749955731.6936,4517.61578018785
2022,Mongolia,MNG,14441951078.838,4993.51487463495
2023,Mongolia,MNG,15513848972.8704,5838.63108083902
2024,Mongolia,MNG,16268442809.3106,6691.48209834228
2020,Montenegro,MNE,4048142110.54292,7612.62845881291
2021,Montenegro,MNE,4576160079.60802,9377.48879714989
2022,Montenegro,MNE,4869340027.24234,9990.20444616996
2023,Montenegro,MNE,5177944070.4817,12077.3747094687
2024,Montenegro,MNE,5335369922.04231,12935.4522712126
2020,Morocco,MAR,114775951852.213,3268.0302734375
2021,Morocco,MAR,124135631043.727,3785.93627929688
2022,Morocco,MAR,126031434844.786,3455.39624023438
2023,Morocco,MAR,130320714718.834,3771.4462890625
2024,Morocco,MAR,134538562550.533,3993.38745117188
2020,Mozambique,MOZ,18217911539.7402,462.433876479921
2021,Mozambique,MOZ,18651030677.5113,509.907829475551
2022,Mozambique,MOZ,19465045724.7404,578.251663751351
2023,Mozambique,MOZ,20523332839.0076,622.985619320596
2024,Mozambique,MOZ,20903378790.7655,647.28579950207
2020,Myanmar,MMR,68991135073.5064,1490.21683548367
2021,Myanmar,MMR,60700903302.881,1242.72134419599
2022,Myanmar,MMR,63151698289.3327,1158.05005034332
2023,Myanmar,MMR,63756973610.2966,1233.19666209269
2024,Myanmar,MMR,63137226234.8764,1359.25961394135
2020,Namibia,NAM,10335184546.1643,3878.58982993966
2021,Namibia,NAM,10707646943.9364,4412.8355693052
2022,Namibia,NAM,11285723330.952,4349.79908493314
2023,Namibia,NAM,11787126128.5536,4187.60500350786
2024,Namibia,NAM,12224610615.9761,4413.1274418646
2020,Nauru,NRU,90459205.0752441,10695.6993301601
2021,Nauru,NRU,96978233.3230252,14989.6647450751
2022,Nauru,NRU,99840563.671557,12896.4341046481
2023,Nauru,NRU,100485943.393321,12754.1867566585
2024,Nauru,NRU,102254748.84212,13421.8330584638
2020,Nepal,NPL,29880069318.7261,1154.21517578318
2021,Nepal,NPL,31325711777.1674,1252.75076731986
2022,Nepal,NPL,33089761144.5103,1385.91066274851
2023,Nepal,NPL,33745781686.6509,1382.33055769304
2024,Nepal,NPL,34982690898.4415,1447.31004458428
2020,Netherlands,NLD,821260592382.701,53467.9277413737
2021,Netherlands,NLD,872809729132.839,60141.9880911492
2022,Netherlands,NLD,916513359459.671,59123.318556487
2023,Netherlands,NLD,917196719472.465,64572.0059558854
2024,Netherlands,NLD,926182265714.104,68218.7261019406
2020,New Zealand,NZL,201807833897.729,41850.92032802
2021,New Zealand,NZL,210960637812.921,49689.498134519
2022,New Zealand,NZL,218336637842.863,48760.0381935936
2023,New Zealand,NZL,221380800380.185,48654.904227478
2024,New Zealand,NZL,221100836865.781,48747.0136853042
2020,Nicaragua,NIC,12803529948.2066,1938.44704754382
2021,Nicaragua,NIC,14142060836.745,2138.38588469449
2022,Nicaragua,NIC,14644146345.7189,2322.89053964583
2023,Nicaragua,NIC,15292551634.5755,2609.44492072931
2024,Nicaragua,NIC,15841222424.9421,2847.53966339498
2020,Niger,NER,12646096746.8881,579.512495758236
2021,Niger,NER,12821067681.4111,608.722439593808
2022,Niger,NER,14346774735.5026,609.745147661683
2023,Niger,NER,14586026438.1981,638.336080723299
2024,Niger,NER,15814402933.7187,722.748650326257
2020,Nigeria,NGA,500232309808.216,2019.65706326224
2021,Nigeria,NGA,518476715283.896,2017.27486481527
2022,Nigeria,NGA,535335926240.996,2139.37478476974
2023,Nigeria,NGA,550647684655.998,1596.63696129001
2024,Nigeria,NGA,569515294271.134,806.945695055244
2020,North America,NAC,21341080173865.5,62262.642409838
2021,North America,NAC,22631517578337.7,69412.9137512303
2022,North America,NAC,23228991075317.4,75613.4507146586
2023,North America,NAC,23875718802814.6,79326.9076599571
2024,North America,NAC,24520379745199.4,82406.4788664869
2020,North Macedonia,MKD,10661068595.4055,6659.59651070776
2021,North Macedonia,MKD,11141955229.994,7620.80296977508
2022,North Macedonia,MKD,11449348867.2054,7606.2375253797
2023,North Macedonia,MKD,11686641441.3319,8624.28400232117
2024,North Macedonia,MKD,12008754399.4556,9310.02790015256
2020,Norway,NOR,405005642242.722,68340.0181033702
2021,Norway,NOR,420836044191.958,93072.8925119571
2022,Norway,NOR,434497344228.607,109269.520580298
2023,Norway,NOR,434810705801.472,87497.3289297342
2024,Norway,NOR,443943701526.195,86809.7246897431
2020,OECD members,OED,49848312132779.1,38704.9773091343
2021,OECD members,OED,52817820787461.0,43149.6072484462
2022,OECD members,OED,54430599618285.6,44046.426245598
2023,OECD members,OED,55423036637855.4,46672.5139916762
2024,OECD members,OED,56412074076868.7,48454.6975400673
2020,Oman,OMN,80246670660.8581,16784.8630630058
2021,Oman,OMN,82318780120.4001,19403.4600160211
2022,Oman,OMN,88892516940.1985,23223.5829405935
2023,Oman,OMN,89947791028.3625,20972.4830886637
2024,Oman,OMN,91453585977.2428,20248.4168124608
2020,Other small states,OSS,136183965081.406,11728.9524519274
2021,Other small states,OSS,146724680469.325,13671.456548983
2022,Other small states,OSS,153503323829.341,14298.1028214028
2023,Other small states,OSS,157624001486.441,15151.4664915358
2024,Other small states,OSS,162250484597.861,15867.6733515992
2020,Pacific island small states,PSS,9154193906.6237,3666.08926363725
2021,Pacific island small states,PSS,8908049603.36678,3649.53388709298
2022,Pacific island small states,PSS,9743175893.41504,3888.62868011839
2023,Pacific island small states,PSS,10235648435.7318,4153.19706628517
2024,Pacific island small states,PSS,10645222890.9011,4399.41105391407
2020,Pakistan,PAK,358614068499.253,1278.39735206896
2021,Pakistan,PAK,381973779235.3,1455.31922370186
2022,Pakistan,PAK,400224894618.857,1538.3228133171
2023,Pakistan,PAK,400065449136.484,1365.16927410976
2024,Pakistan,PAK,413006704003.368,1484.74985864775
2020,Palau,PLW,253220048.509022,14556.5872302158
2021,Palau,PLW,218291145.408434,13257.2063206433
2022,Palau,PLW,215413135.645196,14392.2011374514
2023,Palau,PLW,219456509.098834,15899.4246065324
2024,Palau,PLW,219456509.098834,15899.4246065324
2020,Panama,PAN,54297226765.6596,13290.5608347594
2021,Panama,PAN,63238418924.7981,15509.8069109784
2022,Panama,PAN,70048985344.8611,17332.4360742988
2023,Panama,PAN,75232121007.6293,18686.4050961265
2024,Panama,PAN,77385013513.4823,19102.8521936399
2020,Papua New Guinea,PNG,23936789891.162,2429.61134585269
2021,Papua New Guinea,PNG,23814388297.7556,2607.57861874444
2022,Papua New Guinea,PNG,25173614524.0292,3102.28968594061
2023,Papua New Guinea,PNG,26132952333.2822,2966.06830432055
2024,Papua New Guinea,PNG,27203104310.4168,3076.48786186584
2020,Paraguay,PRY,40343536418.7875,5365.47220721191
2021,Paraguay,PRY,41964030301.4424,5976.9317978996
2022,Paraguay,PRY,42037903094.7449,6205.6259537937
2023,Paraguay,PRY,44139473679.5832,6299.99026533643
2024,Paraguay,PRY,46015383701.3638,6416.09709002917
2020,Peru,PER,191509018299.917,6133.32552410183
2021,Peru,PER,217099648514.382,6826.20255614477
2022,Peru,PER,223198050485.251,7350.63034300417
2023,Peru,PER,222298021864.381,7887.54185920108
2024,Peru,PER,229642617310.3,8452.37167047598
2020,Philippines,PHL,358510629276.391,3227.57910235199
2021,Philippines,PHL,378998554988.857,3484.38593882819
2022,Philippines,PHL,407730367707.393,3548.06930572116
2023,Philippines,PHL,430232801525.652,3804.08274131097
2024,Philippines,PHL,454721721977.445,3984.8315387656
2020,Poland,POL,566120997479.772,16150.9291009726
2021,Poland,POL,605337233054.782,18635.5088812509
2022,Poland,POL,637150470884.733,18891.213529396
2023,Poland,POL,638740867489.057,22145.2643088909
2024,Poland,POL,657413741875.58,25022.6716445953
2020,Portugal,PRT,203663018608.844,22299.4044062173
2021,Portugal,PRT,214984152369.519,24711.4510062111
2022,Portugal,PRT,230002605108.707,24620.519556875
2023,Portugal,PRT,236012868833.62,27386.2920595024
2024,Portugal,PRT,240564244984.515,28844.4979246799
2020,Post-demographic dividend,PST,46616190939542.4,44887.3835189149
2021,Post-demographic dividend,PST,49263625019315.7,50022.0389228787
2022,Post-demographic dividend,PST,50611170704545.1,51102.3562661077
2023,Post-demographic dividend,PST,51552974541474.8,53961.341810452
2024,Post-demographic dividend,PST,52477074650811.7,55865.7865373976
2020,Pre-demographic dividend,PRE,1413461898306.65,1320.70911111119
2021,Pre-demographic dividend,PRE,1458513459115.37,1412.70908920903
2022,Pre-demographic dividend,PRE,1521208816435.85,1577.71627123527
2023,Pre-demographic dividend,PRE,1555974048699.29,1416.33353040951
2024,Pre-demographic dividend,PRE,1604205087764.34,1290.20000126508
2020,Puerto Rico (US),PRI,92359439312.9166,31427.1130762831
2021,Puerto Rico (US),PRI,92715228856.7798,32619.0704601174
2022,Puerto Rico (US),PRI,95456906860.8231,35353.6821570014
2023,Puerto Rico (US),PRI,95932378909.4762,36948.4036416846
2024,Puerto Rico (US),PRI,99027834181.4814,39285.0174585856
2020,Qatar,QAT,161416823768.972,51683.5054376677
2021,Qatar,QAT,164042828070.675,71751.8831257169
2022,Qatar,QAT,170908036353.71,88701.463352273
2023,Qatar,QAT,172936988054.931,80195.8746508549
2024,Qatar,QAT,177724600424.45,76275.9076782833
2020,Romania,ROU,210305491425.986,13082.3006559554
2021,Romania,ROU,221968423307.804,14986.7854904274
2022,Romania,ROU,230770154206.928,15557.8826247584
2023,Romania,ROU,236318495899.176,18404.2730871704
2024,Romania,ROU,238241389259.769,20072.4079244042
2020,Russian Federation,RUS,1422766794794.99,10108.3271484375
2021,Russian Federation,RUS,1506233291759.56,12425.029296875
2022,Russian Federation,RUS,1484605556957.56,15619.6142578125
2023,Russian Federation,RUS,1545214947189.49,14159.3876953125
2024,Russian Federation,RUS,1612344875264.36,14889.0185546875
2020,Rwanda,RWA,10797494132.1381,778.701498787411
2021,Rwanda,RWA,11969932692.1767,829.544845639777
2022,Rwanda,RWA,12946823701.9307,975.469323979541
2023,Rwanda,RWA,14014924101.5292,1027.03446804432
2024,Rwanda,RWA,15260942693.3545,999.654561402699
2020,Samoa,WSM,907771582.239524,4099.6600907147
2021,Samoa,WSM,843511966.584963,3947.64517905415
2022,Samoa,WSM,798752767.864439,3869.46639492144
2023,Samoa,WSM,872307108.549047,4330.17840531329
2024,Samoa,WSM,954498941.243412,4898.77140817676
2020,Sao Tome and Principe,STP,311114954.79799,2167.22001796925
2021,Sao Tome and Principe,STP,317023957.753826,2362.58827248102
2022,Sao Tome and Principe,STP,317558772.390522,2389.73729784737
2023,Sao Tome and Principe,STP,318740893.733006,2940.93352926715
2024,Sao Tome and Principe,STP,321609563.685837,3244.82899741459
2020,Saudi Arabia,SAU,720270347023.098,24338.8307301067
2021,Saudi Arabia,SAU,767229070838.89,31920.7653655643
2022,Saudi Arabia,SAU,859301066620.788,38510.2276211037
2023,Saudi Arabia,SAU,863963569239.897,36156.848337701
2024,Saudi Arabia,SAU,879583643096.82,35057.2252306969
2020,Senegal,SEN,22863414676.2849,1461.08720350553
2021,Senegal,SEN,24359596784.117,1598.10676952274
2022,Senegal,SEN,25297546478.5042,1574.0281059306
2023,Senegal,SEN,26374572022.2227,1698.03387300843
2024,Senegal,SEN,28192309478.4811,1743.98888384359
2020,Serbia,SRB,47265683024.0045,8098.70955668849
2021,Serbia,SRB,51022858874.9258,9680.52798074468
2022,Serbia,SRB,52365263375.3114,10022.9688543402
2023,Serbia,SRB,54380001764.6988,12281.5058488303
2024,Serbia,SRB,56488865191.5836,13523.7246826854
2020,Seychelles,SYC,1678615792.63838,14041.4754074575
2021,Seychelles,SYC,1687886479.31967,14982.9111487767
2022,Seychelles,SYC,1902424765.1769,16836.6721895387
2023,Seychelles,SYC,1945405357.99613,18262.7115849287
2024,Seychelles,SYC,2012826895.3276,17858.8226383978
2020,Sierra Leone,SLE,7993685031.06354,845.982914284565
2021,Sierra Leone,SLE,8465060863.02376,886.192939104469
2022,Sierra Leone,SLE,8914856495.10508,860.774590932595
2023,Sierra Leone,SLE,9423896753.16695,757.848680560444
2024,Sierra Leone,SLE,9800852625.71568,873.388575182318
2020,Singapore,SGP,336541232520.503,61410.0792630788
2021,Singapore,SGP,369376902514.865,80056.1288247844
2022,Singapore,SGP,384550906479.006,90299.0694637269
2023,Singapore,SGP,391555143381.885,85412.230345235
2024,Singapore,SGP,408736675576.891,90674.066632628
2020,Sint Maarten (Dutch part),SXM,1185966832.34776,30150.8998380477
2021,Sint Maarten (Dutch part),SXM,1240255611.86927,32548.4366854902
2022,Sint Maarten (Dutch part),SXM,1361800675.61738,36476.6300833859
2023,Sint Maarten (Dutch part),SXM,1413549101.29084,38077.5444869761
2024,Sint Maarten (Dutch part),SXM,1463023319.83602,40027.9175992113
2020,Slovak Republic,SVK,96969818857.1148,19735.4858280801
2021,Slovak Republic,SVK,102496703508.856,22132.4483028948
2022,Slovak Republic,SVK,102944982587.622,21334.6011006572
2023,Slovak Republic,SVK,105176983317.248,24673.5482979144
2024,Slovak Republic,SVK,107345393746.487,26147.9028430133
2020,Slovenia,SVN,47959972369.9892,25392.0651093612
2021,Slovenia,SVN,51983646950.5935,29187.369382785
2022,Slovenia,SVN,53386809690.2718,28373.8382265999
2023,Slovenia,SVN,54514654618.7574,32610.110922729
2024,Slovenia,SVN,55381990841.4822,34089.3527652778
2020,Small states,SST,200845238547.971,10699.2911713647
2021,Small states,SST,214736151678.227,12369.0639776112
2022,Small states,SST,231226166073.589,13598.1107991474
2023,Small states,SST,241997054759.909,14222.966048012
2024,Small states,SST,256981692322.163,15291.69576976
2020,Solomon Islands,SLB,1437359543.96514,2063.33101522108
2021,Solomon Islands,SLB,1474218469.89734,1996.86976779348
2022,Solomon Islands,SLB,1509636294.96603,2005.4139933198
2023,Solomon Islands,SLB,1549737697.84113,2076.10768772563
2024,Solomon Islands,SLB,1589090836.80634,2149.37957267304
2020,Somalia,SOM,7710043010.29294,518.184778494334
2021,Somalia,SOM,7976673871.04291,549.114742721701
2022,Somalia,SOM,8194206884.51117,573.128092472349
2023,Somalia,SOM,8539706139.23861,597.458854603043
2024,Somalia,SOM,8878930663.20603,636.983477589273
2020,South Africa,ZAF,337307318679.639,5580.60383075189
2021,South Africa,ZAF,354021006263.537,6843.39941886204
2022,South Africa,ZAF,360788046853.641,6523.41097815853
2023,South Africa,ZAF,363308097941.643,6022.54254192335
2024,South Africa,ZAF,365414753361.996,6253.37158194543
2020,South Asia,SAS,2929264189584.75,1957.20343722686
2021,South Asia,SAS,3200121520338.47,2273.72055798689
2022,South Asia,SAS,3427367075327.1,2385.08341578414
2023,South Asia,SAS,3718868684362.24,2532.37560051691
2024,South Asia,SAS,3950362393579.63,2691.64556264089
2020,South Asia (IDA & IBRD),TSA,2929264189584.75,1957.20343722686
2021,South Asia (IDA & IBRD),TSA,3200121520338.47,2273.72055798689
2022,South Asia (IDA & IBRD),TSA,3427367075327.1,2385.08341578414
2023,South Asia (IDA & IBRD),TSA,3718868684362.24,2532.37560051691
2024,South Asia (IDA & IBRD),TSA,3950362393579.63,2691.64556264089
2020,Spain,ESP,1187633217292.02,27233.9426461608
2021,Spain,ESP,1267004457826.92,30799.4775937775
2022,Spain,ESP,1345296618859.67,30270.2687017458
2023,Spain,ESP,1381292228958.21,33509.0127982139
2024,Spain,ESP,1424805636601.96,35297.0094995565
2020,Sri Lanka,LKA,92656723482.0524,3847.60137695639
2021,Sri Lanka,LKA,96555233343.7041,3996.96240014909
2022,Sri Lanka,LKA,89459202881.0576,3342.63650253855
2023,Sri Lanka,LKA,87374939262.0939,3798.89016573011
2024,Sri Lanka,LKA,91751304716.6408,4515.56787322732
2020,St. Kitts and Nevis,KNA,886725390.821136,18859.0190361046
2021,St. Kitts and Nevis,KNA,889985054.357552,18361.1449697886
2022,St. Kitts and Nevis,KNA,982030904.704784,20985.0112160159
2023,St. Kitts and Nevis,KNA,1024538679.19994,22600.4502299468
2024,St. Kitts and Nevis,KNA,1036489310.51656,22771.4168922033
2020,St. Lucia,LCA,1493605760.01109,8411.07474936367
2021,St. Lucia,LCA,1666845859.70761,10459.1321248092
2022,St. Lucia,LCA,2006689780.75964,13103.8243147472
2023,St. Lucia,LCA,2051035272.37698,13554.7684784933
2024,St. Lucia,LCA,2130856442.55709,14181.6303351598
2020,St. Vincent and the Grenadines,VCT,826308151.043014,8351.20324040982
2021,St. Vincent and the Grenadines,VCT,843606096.161631,8641.27904024443
2022,St. Vincent and the Grenadines,VCT,869849273.020018,9693.55867833025
2023,St. Vincent and the Grenadines,VCT,916180617.82392,10582.3656725229
2024,St. Vincent and the Grenadines,VCT,953394361.910327,11501.2265187188
2020,Sub-Saharan Africa,SSF,1800109239111.37,1480.47864226138
2021,Sub-Saharan Africa,SSF,1877780816072.91,1621.10097013513
2022,Sub-Saharan Africa,SSF,1948209958444.37,1696.43999286939
2023,Sub-Saharan Africa,SSF,1998369770920.81,1580.78792757309
2024,Sub-Saharan Africa,SSF,2066882631425.41,1516.35448013206
2020,Sub-Saharan Africa (IDA & IBRD countries),TSS,1800109239111.37,1480.47864226138
2021,Sub-Saharan Africa (IDA & IBRD countries),TSS,1877780816072.91,1621.10097013513
2022,Sub-Saharan Africa (IDA & IBRD countries),TSS,1948209958444.37,1696.43999286939
2023,Sub-Saharan Africa (IDA & IBRD countries),TSS,1998369770920.81,1580.78792757309
2024,Sub-Saharan Africa (IDA & IBRD countries),TSS,2066882631425.42,1516.35448013206
2020,Sub-Saharan Africa (excluding high income),SSA,1703358847506.75,1544.44112077349
2021,Sub-Saharan Africa (excluding high income),SSA,1775657650369.2,1700.42199943914
2022,Sub-Saharan Africa (excluding high income),SSA,1840527330055.63,1772.65535427221
2023,Sub-Saharan Africa (excluding high income),SSA,1883668755099.8,1614.13902501696
2024,Sub-Saharan Africa (excluding high income),SSA,1943864214319.47,1506.22853698028
2020,Sudan,SDN,49449890489.355,577.795227050781
2021,Sudan,SDN,48525909156.8784,712.122009277344
2022,Sudan,SDN,48061119947.9824,1046.24084472656
2023,Sudan,SDN,33915159867.9417,797.283447265625
2024,Sudan,SDN,29338888294.5863,989.312866210938
2020,Suriname,SUR,4416708447.1504,4755.39221710693
2021,Suriname,SUR,4309144555.20541,5029.84838543953
2022,Suriname,SUR,4412832154.84564,6084.43876736445
2023,Suriname,SUR,4524898973.18059,5494.07409425517
2024,Suriname,SUR,4653387372.22498,7430.70219176443
2020,Sweden,SWE,535436339440.588,52653.7565934247
2021,Sweden,SWE,567227918083.309,61174.9680215622
2022,Sweden,SWE,575505409859.556,55296.9371472535
2023,Sweden,SWE,574848401745.341,55567.0890080496
2024,Sweden,SWE,580446460657.157,57723.2345031532
2020,Switzerland,CHE,731108655210.761,85897.7843338323
2021,Switzerland,CHE,771755519734.1,93664.7736696111
2022,Switzerland,CHE,795248228754.84,94394.5106803525
2023,Switzerland,CHE,800682383958.149,100631.802755125
2024,Switzerland,CHE,811109937475.131,103669.872008144
2020,Syrian Arab Republic,SYR,15593656903.8252,572.355289831901
2021,Syrian Arab Republic,SYR,15882796969.6273,663.614245706815
2022,Syrian Arab Republic,SYR,15999183136.0334,1051.67149587463
2023,Syrian Arab Republic,SYR,15806030725.2922,847.372723418531
2024,Syrian Arab Republic,SYR,15806030725.2922,847.372723418531
2020,Tajikistan,TJK,11425228817.4554,834.311715460625
2021,Tajikistan,TJK,12499200274.9255,896.748053372182
2022,Tajikistan,TJK,13499136339.2248,1052.17949484894
2023,Tajikistan,TJK,14619564549.6174,1178.47990060249
2024,Tajikistan,TJK,15847607943.9846,1341.20229027672
2020,Tanzania,TZA,61565931105.4141,1117.41528320313
2021,Tanzania,TZA,64226431583.1539,1159.85656738281
2022,Tanzania,TZA,67159014151.451,1207.85302734375
2023,Tanzania,TZA,70563656177.7408,1224.48962402344
2024,Tanzania,TZA,74463225268.4644,1185.74548339844
2020,Thailand,THA,432369701127.278,6985.64393892574
2021,Thailand,THA,439080796986.82,7057.20754802279
2022,Thailand,THA,450410744554.857,6909.35281815827
2023,Thailand,THA,459498911646.803,7195.10130919449
2024,Thailand,THA,471105678432.118,7345.13569000377
2020,Timor-Leste,TLS,2582938997.77444,1630.86938521256
2021,Timor-Leste,TLS,2720236115.57999,2684.82702378987
2022,Timor-Leste,TLS,2161456508.57491,2343.24523350389
2023,Timor-Leste,TLS,1769697034.78278,1502.51964514186
2024,Timor-Leste,TLS,1730956215.51256,1343.14886031844
2020,Togo,TGO,6996086823.90934,853.578220263722
2021,Togo,TGO,7415213717.65264,939.613373786407
2022,Togo,TGO,7842296104.31507,898.758154410712
2023,Togo,TGO,8344824333.95103,985.697512629974
2024,Togo,TGO,8787100467.10828,1043.14092889765
2020,Tonga,TON,492256326.907883,4700.44940541029
2021,Tonga,TON,494041269.383415,4912.57966349119
2022,Tonga,TON,482629585.75729,4933.07466930785
2023,Tonga,TON,492688338.436877,4863.76384632192
2024,Tonga,TON,492688338.436877,4863.76384632192
2020,Trinidad and Tobago,TTO,21438575321.8702,15358.8612973066
2021,Trinidad and Tobago,TTO,21243057044.1771,17679.1812561341
2022,Trinidad and Tobago,TTO,21472954153.1036,20874.37682915
2023,Trinidad and Tobago,TTO,21779397558.7054,18639.259241294
2024,Trinidad and Tobago,TTO,22138889023.516,19314.7163432664
2020,Tunisia,TUN,44893939452.6941,3548.65363663803
2021,Tunisia,TUN,47020260421.799,3906.93926319391
2022,Tunisia,TUN,48277261609.9968,3708.8481241036
2023,Tunisia,TUN,48296165328.5233,3950.3753419816
2024,Tunisia,TUN,48948478709.7934,4350.3717971875
2020,Turkiye,TUR,1015597272884.83,8638.73903848102
2021,Turkiye,TUR,1131775463573.96,9743.21277804855
2022,Turkiye,TUR,1194401442556.95,10674.504157865
2023,Turkiye,TUR,1255449309088.75,13105.6585004778
2024,Turkiye,TUR,1295423120852.21,15473.2872636856
2020,Turkmenistan,TKM,48406917338.9257,6592.60146027748
2021,Turkmenistan,TKM,51408146222.3962,7051.20211079213
2022,Turkmenistan,TKM,54595451255.3951,8156.35211950774
2023,Turkmenistan,TKM,58035050718.9991,8232.65225980002
2024,Turkmenistan,TKM,59349032299.7884,8571.60702949432
2020,Turks and Caicos Islands,TCA,1308391552.57635,20690.9160546118
2021,Turks and Caicos Islands,TCA,1696059833.66285,27329.2885087196
2022,Turks and Caicos Islands,TCA,1934985875.65397,31280.5418020808
2023,Turks and Caicos Islands,TCA,2200681652.22351,35470.2151608295
2024,Turks and Caicos Islands,TCA,2324730229.60518,37506.7798431288
2020,Tuvalu,TUV,44019157.5155388,4976.11254109571
2021,Tuvalu,TUV,44813322.9441554,5905.08198095343
2022,Tuvalu,TUV,45116847.7756278,5911.32727055301
2023,Tuvalu,TUV,46855113.8352982,6344.7750188689
2024,Tuvalu,TUV,46855113.8352982,6344.7750188689
2020,Uganda,UGA,40768765796.4748,845.76646385001
2021,Uganda,UGA,42210585952.7826,882.791717442001
2022,Uganda,UGA,44147216889.624,963.067314233497
2023,Uganda,UGA,46503341915.459,1002.30913908852
2024,Uganda,UGA,49356997179.0834,1072.71369837695
2020,Ukraine,UKR,98118341608.386,3709.76928710938
2021,Ukraine,UKR,101499127457.564,4775.94580078125
2022,Ukraine,UKR,72309415409.6738,4199.6708984375
2023,Ukraine,UKR,76311548882.3244,5139.59814453125
2024,Ukraine,UKR,78535131746.0434,5389.47314453125
2020,United Arab Emirates,ARE,383342656333.374,37173.8754093066
2021,United Arab Emirates,ARE,400036290964.175,43360.0211001327
2022,United Arab Emirates,ARE,430077804445.494,49899.0652975197
2023,United Arab Emirates,ARE,445641058044.125,49040.6947521035
2024,United Arab Emirates,ARE,462404360915.143,49377.5643384379
2020,United Kingdom,GBR,2831893577011.53,40404.8062238951
2021,United Kingdom,GBR,3074755378978.02,46926.475736105
2022,United Kingdom,GBR,3223545410805.62,46062.9914079698
2023,United Kingdom,GBR,3236345540532.38,49200.8101526146
2024,United Kingdom,GBR,3271966955942.46,52636.7865943853
2020,United States,USA,19723580221938.2,64401.5074354212
2021,United States,USA,20917853444668.3,71307.4017277218
2022,United States,USA,21443388432051.0,77860.9112908848
2023,United States,USA,22062578283266.8,82304.6204272866
2024,United States,USA,22679489969555.6,85809.9003846356
2020,Upper middle income,UMC,23966101189593.9,8334.90582376743
2021,Upper middle income,UMC,25811099182482.0,9905.05583452615
2022,Upper middle income,UMC,26695143824801.5,10310.8668761078
2023,Upper middle income,UMC,27919111385576.6,10631.3167441564
2024,Upper middle income,UMC,29078944494027.5,10961.8184459945
2020,Uruguay,URY,55890466349.1545,15757.5355995779
2021,Uruguay,URY,59156857853.7605,17881.818721099
2022,Uruguay,URY,61810768801.3209,20818.6146091144
2023,Uruguay,URY,62269484309.0206,23019.4221560046
2024,Uruguay,URY,64204978531.9491,23906.5133029408
2020,Uzbekistan,UZB,109123866128.148,1978.28051860763
2021,Uzbekistan,UZB,117891622986.822,2258.51964119278
2022,Uzbekistan,UZB,124966702851.263,2578.66689394219
2023,Uzbekistan,UZB,132828878427.532,2878.96879292451
2024,Uzbekistan,UZB,141462755525.291,3161.70010632875
2020,Vanuatu,VUT,828395819.755769,3042.98711598286
2021,Vanuatu,VUT,815536673.766002,3211.71947349318
2022,Vanuatu,VUT,857832270.181912,3292.34108821237
2023,Vanuatu,VUT,849555970.649593,3515.23633611798
2024,Vanuatu,VUT,883260050.459907,3542.81071592874
2020,Viet Nam,VNM,323972192107.065,3534.03953482647
2021,Viet Nam,VNM,332245562394.77,3704.1935590038
2022,Viet Nam,VNM,360611028837.664,4147.69777213621
2023,Viet Nam,VNM,378876063686.799,4323.35031982451
2024,Viet Nam,VNM,405742875627.919,4717.29028732449
2020,West Bank and Gaza,PSE,14037400000.0,3233.56863835858
2021,West Bank and Gaza,PSE,15021700000.0,3678.63565662194
2022,West Bank and Gaza,PSE,15635000000.0,3799.95527015163
2023,West Bank and Gaza,PSE,14922700000.0,3455.02852911712
2024,West Bank and Gaza,PSE,10959600000.0,2592.30591217647
2020,World,WLD,83020634205557.4,10963.1756422364
2021,World,WLD,88350178087141.1,12418.5659245064
2022,World,WLD,91318665777403.6,12819.7448379733
2023,World,WLD,94006477956472.6,13263.6195488046
2024,World,WLD,96698130682107.0,13673.0039578901
2020,Zambia,ZMB,23418945736.8993,951.644316655957
2021,Zambia,ZMB,24879098747.8861,1127.16077872857
2022,Zambia,ZMB,26175604214.1895,1447.12310138035
2023,Zambia,ZMB,27580695690.34,1330.72780576709
2024,Zambia,ZMB,28695824119.1189,1235.08466482514
2020,Zimbabwe,ZWE,19101046519.5924,1730.45391034701
2021,Zimbabwe,ZWE,20718530620.6262,1724.38727102272
2022,Zimbabwe,ZWE,21990477716.189,2040.54658705395
2023,Zimbabwe,ZWE,23164059015.9146,2156.03409322984
2024,Zimbabwe,ZWE,23634169920.6038,2656.40937654332
